android,nebula-smc-v1	-	nebula
android,trusty-smc-v1	-	trusty
arm,armv8-pmuv3	armv8-pmu	pmu
arm,armv8-timer	-	timer
arm,dsu-pmu	arm_dsu_pmu	dsu-pmu-0
arm,psci-1.0	-	psci
chipone-tddi	-	0-0048
focaltech,fts	-	0-0038
goodix,gt9886	-	0-005d
goodix,gt9896s	-	spi7.0
hynitron,cst1xx	-	0-0010
mediatek, camera_af_lens	-	camera_af_hw_node
mediatek, dsi_te-eint	-	dsi_te
mediatek, mrdump_ext_rst-eint	mrdump_key	mrdump_ext_rst
mediatek,adsp_common	-	1080b000.adsp_common
mediatek,adsp_core_0	-	10800000.adsp_core0
mediatek,adsp_core_1	-	10800000.adsp_core1
mediatek,aes_top0	-	10016000.aes_top0
mediatek,ap_ccif0	-	10209000.ap_ccif0
mediatek,ap_ccif1	-	1020b000.ap_ccif1
mediatek,ap_ccif2	-	1023c000.ap_ccif2
mediatek,ap_ccif3	-	1023e000.ap_ccif3
mediatek,ap_ccif4	-	1024c000.ap_ccif4
mediatek,ap_ccif5	-	1025c000.ap_ccif5
mediatek,apcldmain	-	1021f000.apcldmain
mediatek,apcldmamisc	-	1021b800.apcldmamisc
mediatek,apcldmamisc	-	1021bc00.apcldmamisc
mediatek,apcldmaout	-	1021b400.apcldmaout
mediatek,apdma	-	10217000.apdma
mediatek,apirq	-	1000b000.apirq
mediatek,apmixed	-	1000c000.apmixed
mediatek,apu0	-	19030000.apu0
mediatek,apu1	-	19031000.apu1
mediatek,apu_conn	-	19020000.apu_conn
mediatek,apu_mdla0	-	19034000.apu_mdla0
mediatek,apu_vcore	-	19029000.apu_vcore
mediatek,apusys_mnoc	apusys_mnoc	1906e000.apusys_mnoc
mediatek,apusys_power	apusys_power	190f0000.apusys_power
mediatek,apusys_reviser	apusys_drv_reviser	19021000.apusys_reviser
mediatek,apxgpt	-	10008000.apxgpt
mediatek,atf_logger	atf_logger	atf_logger
mediatek,audio	-	11210000.audio
mediatek,audio_sram	-	11212000.audio_sram
mediatek,bank1_m4u0	-	1401e000.m4u
mediatek,bank1_m4u1	-	19011000.m4u
mediatek,bank2_m4u0	-	1401f000.m4u
mediatek,bank2_m4u1	-	19012000.m4u
mediatek,bank3_m4u0	-	14020000.m4u
mediatek,bank3_m4u1	-	19013000.m4u
mediatek,bat_gm30	battery	battery
mediatek,bcrm_ao_peri	-	10022000.bcrm_ao_peri
mediatek,bcrm_fmem	-	10276000.bcrm_fmem
mediatek,bcrm_fmem_ao	-	10043000.bcrm_fmem_ao
mediatek,bcrm_infra	-	10215000.bcrm_infra
mediatek,bcrm_peri	-	10272000.bcrm_peri
mediatek,bcrm_peri2	-	10273000.bcrm_peri2
mediatek,bcrm_peri_ao	-	1002a000.bcrm_peri_ao
mediatek,bcrm_peri_ao2	-	1002d000.bcrm_peri_ao2
mediatek,bcrm_peri_par_ao	-	10041000.bcrm_peri_par_ao
mediatek,blue	-	odm:led@2
mediatek,bpi_bsi_slv0	-	1021e000.bpi_bsi_slv0
mediatek,bpi_bsi_slv1	-	1021f000.bpi_bsi_slv1
mediatek,bpi_bsi_slv2	-	10225000.bpi_bsi_slv2
mediatek,brisket	mt-brisket	brisket
mediatek,btif	mtk_btif	1100c000.btif
mediatek,bus_dbg-v2	systracker	10208000.bus_dbg
mediatek,bus_tracer-v1	-	d040000.bus_tracer
mediatek,button-backlight	-	odm:led@5
mediatek,cache_parity	cache_parity	cache_parity
mediatek,cam1	camera-isp	1a030000.cam1
mediatek,cam1_inner	camera-isp	1a038000.cam1_inner
mediatek,cam2	camera-isp	1a050000.cam2
mediatek,cam2_inner	camera-isp	1a058000.cam2_inner
mediatek,cam3	camera-isp	1a070000.cam3
mediatek,cam3_inner	camera-isp	1a078000.cam3_inner
mediatek,cam_smi_subcom	mtk-smi-common	1a00c000.cam_smi_subcom
mediatek,cam_smi_subcom	mtk-smi-common	1a00d000.cam_smi_subcom
mediatek,camera_eeprom	mediatek,camera_eeprom	2-0050
mediatek,camera_eeprom	mediatek,camera_eeprom	4-0051
mediatek,camera_eeprom	mediatek,camera_eeprom	8-0050
mediatek,camera_eeprom	mediatek,camera_eeprom	9-0051
mediatek,camera_main	kd_camera_hw	2-001a
mediatek,camera_main_af	MAINAF	2-000c
mediatek,camera_main_eeprom	-	2-0052
mediatek,camera_main_three	kd_camera_hw_bus5	8-0043
mediatek,camera_main_three_af	MAIN3AF	8-0044
mediatek,camera_main_three_eeprom	-	8-0045
mediatek,camera_main_two	kd_camera_hw_bus3	8-0010
mediatek,camera_main_two_af	MAIN2AF	8-000c
mediatek,camera_main_two_eeprom	-	8-0072
mediatek,camera_sub	kd_camera_hw_bus2	4-002d
mediatek,camera_sub_eeprom	-	4-0052
mediatek,camera_sub_two	kd_camera_hw_bus4	9-0040
mediatek,camera_sub_two_af	SUB2AF	9-0041
mediatek,camera_sub_two_eeprom	-	9-0042
mediatek,camsv1	camera-isp	1a090000.camsv1
mediatek,camsv2	camera-isp	1a091000.camsv2
mediatek,camsv3	camera-isp	1a092000.camsv3
mediatek,camsv4	camera-isp	1a093000.camsv4
mediatek,camsv5	camera-isp	1a094000.camsv5
mediatek,camsv6	camera-isp	1a095000.camsv6
mediatek,camsv7	camera-isp	1a096000.camsv7
mediatek,camsv8	camera-isp	1a097000.camsv8
mediatek,camsys	camera-isp	1a000000.camsys
mediatek,camsys_rawa	camera-isp	1a04f000.camsys_rawa
mediatek,camsys_rawb	camera-isp	1a06f000.camsys_rawb
mediatek,camsys_rawc	camera-isp	1a08f000.camsys_rawc
mediatek,ccu	ccu	1a101000.ccu
mediatek,charger	charger	charger
mediatek,chipid	-	8000000.chipid
mediatek,cmdq-test	-	cmdq-test
mediatek,cpumssv	mt-mssv	cpumssv
mediatek,cpupm-sysram	-	11b000.cpupm-sysram
mediatek,cq_dma	-	10212000.cq_dma
mediatek,credit_didt	mt-credit_didt	credit_didt
mediatek,dbg_ao	-	d000000.dbg_ao
mediatek,dbg_cti	-	d020000.dbg_cti
mediatek,dbg_dem	-	d0a0000.dbg_dem
mediatek,dbg_etr	-	d030000.dbg_etr
mediatek,dbg_mdsys1	-	d0c0000.dbg_mdsys1
mediatek,dbg_tracker	-	10314000.dbg_tracker
mediatek,dbg_tracker2	-	10218000.dbg_tracker2
mediatek,dbgtop	mtk_dbgtop	1000d000.dbgtop
mediatek,debug_ao_fmem	-	10042000.debug_ao_fmem
mediatek,debug_ao_peri	-	10023000.debug_ao_peri
mediatek,debug_ao_peri2	-	1002e000.debug_ao_peri2
mediatek,debug_ao_peri_ctl	-	1002b000.debug_ao_peri_ctl
mediatek,debug_ao_peri_par	-	10040000.debug_ao_peri_par
mediatek,depth	-	1b100000.depth
mediatek,devapc_ao_fmem	-	10044000.devapc_ao_fmem
mediatek,devapc_ao_infra	-	10030000.devapc_ao_infra
mediatek,devapc_ao_mm	-	1001c000.devapc_ao_mm
mediatek,devapc_ao_peri	-	10034000.devapc_ao_peri
mediatek,devapc_ao_peri2	-	10038000.devapc_ao_peri2
mediatek,devapc_ao_peri_par	-	1003c000.devapc_ao_peri_par
mediatek,devapc_peri	-	10274000.devapc_peri
mediatek,devapc_peri2	-	10275000.devapc_peri2
mediatek,device_mpu_acp	devmpu	1030d000.device_mpu_acp
mediatek,device_mpu_low	devmpu	1021a000.device_mpu_low
mediatek,dfd	-	dfd@0c600000
mediatek,dfd_cache	-	dfd_cache
mediatek,dip1	camera-dip	15021000.dip_a0
mediatek,dip2	-	15821000.dip_b0
mediatek,dip_a1	-	15022000.dip_a1
mediatek,dip_a10	-	1502b000.dip_a10
mediatek,dip_a11	-	1502c000.dip_a11
mediatek,dip_a2	-	15023000.dip_a2
mediatek,dip_a3	-	15024000.dip_a3
mediatek,dip_a4	-	15025000.dip_a4
mediatek,dip_a5	-	15026000.dip_a5
mediatek,dip_a6	-	15027000.dip_a6
mediatek,dip_a7	-	15028000.dip_a7
mediatek,dip_a8	-	15029000.dip_a8
mediatek,dip_a9	-	1502a000.dip_a9
mediatek,dip_b1	-	15822000.dip_b1
mediatek,dip_b10	-	1582b000.dip_b10
mediatek,dip_b11	-	1582c000.dip_b11
mediatek,dip_b2	-	15823000.dip_b2
mediatek,dip_b3	-	15824000.dip_b3
mediatek,dip_b4	-	15825000.dip_b4
mediatek,dip_b5	-	15826000.dip_b5
mediatek,dip_b6	-	15827000.dip_b6
mediatek,dip_b7	-	15828000.dip_b7
mediatek,dip_b8	-	15829000.dip_b8
mediatek,dip_b9	-	1582a000.dip_b9
mediatek,disp-leds	-	disp_leds
mediatek,disp_aal0	mediatek-disp-aal	1400b000.disp_aal0
mediatek,disp_ccorr0	mediatek-disp-ccorr	1400a000.disp_ccorr0
mediatek,disp_color0	mediatek-disp-color	14009000.disp_color0
mediatek,disp_dither0	mediatek-disp-dither	1400e000.disp_dither0
mediatek,disp_dsc_wrap	mediatek-disp-dsc	1400f000.disp_dsc_wrap
mediatek,disp_gamma0	mediatek-disp-gamma	1400c000.disp_gamma0
mediatek,disp_mutex0	mediatek-ddp	14001000.disp_mutex
mediatek,disp_ovl0	mediatek-disp-ovl	14005000.disp_ovl0
mediatek,disp_ovl0_2l	mediatek-disp-ovl	14006000.disp_ovl0_2l
mediatek,disp_ovl2_2l	mediatek-disp-ovl	14014000.disp_ovl2_2l
mediatek,disp_postmask0	mediatek-disp-postmask	1400d000.disp_postmask0
mediatek,disp_pwm0	mediatek-disp-pwm	1100e000.disp_pwm0
mediatek,disp_rdma0	mediatek-disp-rdma	14007000.disp_rdma0
mediatek,disp_rdma4	mediatek-disp-rdma	14015000.disp_rdma4
mediatek,disp_rsz0	mediatek-disp-rsz	14008000.disp_rsz0
mediatek,disp_smi_2x1_sub_common_u0	mtk-smi-common	14022000.disp_smi_2x1_sub_common_u0
mediatek,disp_smi_2x1_sub_common_u1	mtk-smi-common	14023000.disp_smi_2x1_sub_common_u1
mediatek,disp_smi_common	mtk-smi-common	14002000.disp_smi_common
mediatek,disp_ufbc_wdma0	-	14012000.disp_ufbc_wdma0
mediatek,disp_wdma0	mediatek-disp-wdma	14011000.disp_wdma0
mediatek,dispsys	-	dispsys
mediatek,dispsys_config	mediatek-drm	14000000.dispsys_config
mediatek,dpi0	-	14016000.dpi0
mediatek,dpmaif	-	10014000.dpmaif
mediatek,dramc_ch0_top0	-	10230000.dramc_ch0_top0
mediatek,dramc_ch0_top1	-	10232000.dramc_ch0_top1
mediatek,dramc_ch0_top2	-	10234000.dramc_ch0_top2
mediatek,dramc_ch0_top4	-	10236000.dramc_ch0_top4
mediatek,dramc_ch0_top5	-	10238000.dramc_ch0_top5
mediatek,dramc_ch0_top6	-	1023a000.dramc_ch0_top6
mediatek,dramc_ch1_rsv0	-	10900000.dramc_ch1_rsv0
mediatek,dramc_ch1_rsv1	-	10940000.dramc_ch1_rsv1
mediatek,dramc_ch1_top0	-	10240000.dramc_ch1_top0
mediatek,dramc_ch1_top1	-	10242000.dramc_ch1_top1
mediatek,dramc_ch1_top2	-	10244000.dramc_ch1_top2
mediatek,dramc_ch1_top4	-	10246000.dramc_ch1_top4
mediatek,dramc_ch1_top5	-	10248000.dramc_ch1_top5
mediatek,dramc_ch1_top6	-	1024a000.dramc_ch1_top6
mediatek,dramc_ch2_top0	-	10250000.dramc_ch2_top0
mediatek,dramc_ch2_top1	-	10252000.dramc_ch2_top1
mediatek,dramc_ch2_top2	-	10254000.dramc_ch2_top2
mediatek,dramc_ch2_top4	-	10256000.dramc_ch2_top4
mediatek,dramc_ch2_top5	-	10258000.dramc_ch2_top5
mediatek,dramc_ch2_top6	-	1025a000.dramc_ch2_top6
mediatek,dramc_ch3_top0	-	10260000.dramc_ch3_top0
mediatek,dramc_ch3_top1	-	10262000.dramc_ch3_top1
mediatek,dramc_ch3_top2	-	10264000.dramc_ch3_top2
mediatek,dramc_ch3_top4	-	10266000.dramc_ch3_top4
mediatek,dramc_ch3_top5	-	10268000.dramc_ch3_top5
mediatek,dramc_ch3_top6	-	1026a000.dramc_ch3_top6
mediatek,drcc	-	drcc
mediatek,dsi0	mtk-dsi	14010000.dsi
mediatek,dvfsp	-	10227000.dvfsp
mediatek,dvfsrc	helio-dvfsrc	10012000.dvfsrc
mediatek,dvfsrc-boost	mtk-dvfsrc-boost	boot_dramboost
mediatek,dvp	camera-dpe	1b100000.dvp
mediatek,dvs	camera-dpe	1b100000.dvs
mediatek,dxcc_sec	-	10210000.dxcc_sec
mediatek,eem_fsm	mt-eem	11278000.eem_fsm
mediatek,eemgpu_fsm	mt-eemgpu	1100b000.eemgpu_fsm
mediatek,extcon-usb	mediatek,extcon-usb	extcon_usb
mediatek,fdvt	camera-fdvt	1b001000.fdvt
mediatek,fe	-	1b002000.fe
mediatek,fhctl	mt-freqhopping	1000ce00.fhctl
mediatek,flashlight_core	flashlight	flashlight_core
mediatek,flashlights_mt6360	flashlights-mt6360	flashlights_mt6360
mediatek,g3d_config	-	13fbf000.g3d_config
mediatek,g3d_secure_reg	-	13fbc000.g3d_secure_reg
mediatek,g3d_testbench	-	13fbd000.g3d_testbench
mediatek,gauge_timer_service	gauge_timer_service	gauge_timer
mediatek,ged	ged	ged
mediatek,gic500	-	c000000.gic500
mediatek,gic_cpu	-	c400000.gic_cpu
mediatek,gpio	-	10005000.gpio
mediatek,gpio_usage_mapping	-	gpio_usage_mapping
mediatek,gpufreq	gpufreq	gpufreq
mediatek,green	-	odm:led@1
mediatek,hacc	masp	1000a000.hacc
mediatek,hct_devices	-	hct_device
mediatek,hct_finger	-	hct_finger
mediatek,i2c	-	i2c-0
mediatek,i2c	-	i2c-1
mediatek,i2c	-	i2c-10
mediatek,i2c	-	i2c-11
mediatek,i2c	-	i2c-2
mediatek,i2c	-	i2c-3
mediatek,i2c	-	i2c-4
mediatek,i2c	-	i2c-5
mediatek,i2c	-	i2c-6
mediatek,i2c	-	i2c-7
mediatek,i2c	-	i2c-8
mediatek,i2c	-	i2c-9
mediatek,i2c	mt-i2c	11015000.i2c10
mediatek,i2c	mt-i2c	11017000.i2c11
mediatek,i2c	mt-i2c	11cb0000.i2c3
mediatek,i2c	mt-i2c	11d00000.i2c7
mediatek,i2c	mt-i2c	11d01000.i2c8
mediatek,i2c	mt-i2c	11d02000.i2c9
mediatek,i2c	mt-i2c	11d20000.i2c1
mediatek,i2c	mt-i2c	11d21000.i2c2
mediatek,i2c	mt-i2c	11d22000.i2c4
mediatek,i2c	mt-i2c	11e00000.i2c5
mediatek,i2c	mt-i2c	11f00000.i2c0
mediatek,i2c	mt-i2c	11f01000.i2c6
mediatek,i2c_common	-	i2c_common
mediatek,i2c_lcd_bias	I2C_LCD_BIAS	6-003e
mediatek,img0_smi_2x1_sub_common	mtk-smi-common	14024000.img0_smi_2x1_sub_common
mediatek,img1_smi_2x1_sub_common	mtk-smi-common	14025000.img1_smi_2x1_sub_common
mediatek,imgsensor	image_sensor	kd_camera_hw1@1a004000
mediatek,imgsys	camera-dip	15020000.imgsys_config
mediatek,imgsys2	camera-dip	15820000.imgsys2_config
mediatek,imgsys_mfb_b	camera-mfb	15820000.imgsys_mfb_b
mediatek,imp_iic_wrap_c	-	11007000.imp_iic_wrap_c
mediatek,imp_iic_wrap_e	-	11cb1000.imp_iic_wrap_e
mediatek,imp_iic_wrap_n	-	11f02000.imp_iic_wrap_n
mediatek,imp_iic_wrap_s	-	11d03000.imp_iic_wrap_s
mediatek,imp_iic_wrap_w	-	11e01000.imp_iic_wrap_w
mediatek,imp_iic_wrap_ws	-	11d23000.imp_iic_wrap_ws
mediatek,infra_device_mpu	-	10225000.infra_device_mpu
mediatek,infra_dpmaif	-	1022c000.infra_dpmaif
mediatek,infra_mbist	-	1020d000.infra_mbist
mediatek,infra_md	-	1021d000.infra_md
mediatek,infracfg	-	1020e000.infracfg
mediatek,infracfg_ao	-	10001000.infracfg_ao
mediatek,infracfg_ao_mem	-	10002000.infracfg_ao_mem
mediatek,infracfg_mem	-	1021c000.infracfg_mem
mediatek,iocfg_bl	-	11d30000.iocfg_bl
mediatek,iocfg_bm	-	11d10000.iocfg_bm
mediatek,iocfg_br	-	11d40000.iocfg_br
mediatek,iocfg_lb	-	11e70000.iocfg_lb
mediatek,iocfg_lm	-	11e20000.iocfg_lm
mediatek,iocfg_lt	-	11f20000.iocfg_lt
mediatek,iocfg_rm	-	11c20000.iocfg_rm
mediatek,iocfg_rt	-	11ea0000.iocfg_rt
mediatek,iocfg_tl	-	11f30000.iocfg_tl
mediatek,iommu_v0	mtk-iommu-v2	1401d000.m4u
mediatek,iommu_v0	mtk-iommu-v2	19010000.m4u
mediatek,ion	ion-drv	iommu
mediatek,ipe_smi_subcom	mtk-smi-common	1b00e000.ipe_smi_subcom
mediatek,ipesys_config	camera-rsc	1b000000.ipesys_config
mediatek,irq_nfc-eint	-	irq_nfc
mediatek,irtx-pwm	-	irtx_pwm
mediatek,jogball-backlight	-	odm:led@3
mediatek,jpgenc	mtk-jpeg	17030000.jpgenc
mediatek,keyboard-backlight	-	odm:led@4
mediatek,kp	mtk-kpd	10010000.kp
mediatek,lcd-backlight	-	odm:led@6
mediatek,lk_charger	-	lk_charger
mediatek,m4u0	-	10220000.m4u0
mediatek,m4u1	-	10221000.m4u1
mediatek,m4u2	-	10222000.m4u2
mediatek,m4u3	-	10223000.m4u3
mediatek,m4u4	-	10224000.m4u4
mediatek,mailbox-gce-sec	cmdq_sec_mbox	10228000.gce_mbox_sec
mediatek,mali	mali	13000000.mali
mediatek,mali_dvfs_hint	-	13fbb000.mali_dvfs_hint
mediatek,mbist	-	17060000.mbist
mediatek,mbist_ao	-	10013000.mbist_ao
mediatek,mcucfg	-	c530000.mcucfg
mediatek,mcucfg_mp0_counter	-	mcucfg_mp0_counter
mediatek,mcupm	mcupm	c540000.mcupm
mediatek,mcusys-ctrl	-	c53a000.mcusys-ctrl
mediatek,md2md_md1_ccif0	-	10211000.md2md_md1_ccif0
mediatek,md2md_md2_ccif0	-	10213000.md2md_md2_ccif0
mediatek,md_attr_node	-	md_attr_node
mediatek,md_auxadc	ccci_auxadc	md_auxadc
mediatek,md_ccif0	-	1020a000.md_ccif0
mediatek,md_ccif1	-	1020c000.md_ccif1
mediatek,md_ccif2	-	1023d000.md_ccif2
mediatek,md_ccif3	-	1023f000.md_ccif3
mediatek,md_ccif4	-	1024d000.md_ccif4
mediatek,md_ccif4	-	1024e000.md_ccif4
mediatek,md_ccif5	-	1025d000.md_ccif5
mediatek,mdcldmain	-	1021c000.mdcldmain
mediatek,mddriver	driver_modem	10209000.mddriver
mediatek,mdp_aal0	-	1f005000.mdp_aal0
mediatek,mdp_aal1	-	1f006000.mdp_aal0
mediatek,mdp_aal4	mediatek-dmdp-aal	1401a000.mdp_aal4
mediatek,mdp_color0	-	1f00f000.mdp_color0
mediatek,mdp_color1	-	1f010000.mdp_color1
mediatek,mdp_color4	-	1401c000.mdp_color4
mediatek,mdp_hdr0	-	1f007000.mdp_hdr0
mediatek,mdp_hdr1	-	1f008000.mdp_hdr0
mediatek,mdp_hdr4	-	14018000.mdp_hdr4
mediatek,mdp_mutex	-	1f001000.mdp_mutex
mediatek,mdp_rdma0	mtk_mdp	1f003000.mdp_rdma0
mediatek,mdp_rdma1	-	1f004000.mdp_rdma1
mediatek,mdp_rdma4	-	14017000.mdp_rdma4
mediatek,mdp_rsz0	-	1f009000.mdp_rsz0
mediatek,mdp_rsz1	-	1f00a000.mdp_rsz1
mediatek,mdp_rsz4	-	14019000.mdp_rsz4
mediatek,mdp_tdshp0	-	1f00d000.mdp_tdshp0
mediatek,mdp_tdshp1	-	1f00e000.mdp_tdshp1
mediatek,mdp_tdshp4	-	1401b000.mdp_tdshp4
mediatek,mdp_wrot0	-	1f00b000.mdp_wrot0
mediatek,mdp_wrot1	-	1f00c000.mdp_wrot0
mediatek,mdpsys_config	-	1f000000.mdpsys_config
mediatek,memory-ssmr-features	-	memory-ssmr-features
mediatek,mfb	-	15010000.mfb
mediatek,mfb	-	15012000.mfb
mediatek,mipi_tx_config0	mediatek-mipi-tx	11e50000.mipi_tx_config
mediatek,mm_vpu_m0_sub_common	-	1025e000.mm_vpu_m0_sub_common
mediatek,mm_vpu_m0_sub_common	-	10309000.mm_vpu_m0_sub_common
mediatek,mm_vpu_m1_sub_common	-	1025f000.mm_vpu_m1_sub_common
mediatek,mm_vpu_m1_sub_common	-	1030a000.mm_vpu_m1_sub_common
mediatek,mm_vpu_m1_sub_common	-	1030b000.mm_vpu_m1_sub_common
mediatek,mm_vpu_m1_sub_common	-	1030c000.mm_vpu_m1_sub_common
mediatek,mm_vpu_m1_sub_common	-	1030d000.mm_vpu_m1_sub_common
mediatek,mmdvfs_pmqos	mtk_mmdvfs_pmqos	mmdvfs_pmqos
mediatek,mmsys_config	-	14000000.mmsys_config
mediatek,modem_temp_share	-	10018000.modem_temp_share
mediatek,msdc	-	11f60000.msdc
mediatek,msdc	mtk-msdc	11f70000.msdc
mediatek,msdc0_top	-	11f50000.msdc0_top
mediatek,msdc1_top	-	11c70000.msdc1_top
mediatek,msdcsys_top	-	11f10000.msdcsys_top
mediatek,msf_b	camera-mfb	15810000.msf_b
mediatek,msfdl	camera-dip	15810000.msfdl
mediatek,mss_b	camera-mfb	15812000.mss_b
mediatek,mssdl	camera-dip	15812000.mssdl
mediatek,mt-charger	mt-charger-det	mt_charger
mediatek,mt-cpufreq	mt-cpufreq	mt_cpufreq
mediatek,mt-pmic	mt-pmic	mt-pmic
mediatek,mt-pseudo_m4u	m4u	pseudo_m4u
mediatek,mt-pseudo_m4u-port	pseudo_port_device	pseudo_m4u-ccu0
mediatek,mt-pseudo_m4u-port	pseudo_port_device	pseudo_m4u-ccu1
mediatek,mt-pseudo_m4u-port	pseudo_port_device	pseudo_m4u-larb0
mediatek,mt-pseudo_m4u-port	pseudo_port_device	pseudo_m4u-larb1
mediatek,mt-pseudo_m4u-port	pseudo_port_device	pseudo_m4u-larb11
mediatek,mt-pseudo_m4u-port	pseudo_port_device	pseudo_m4u-larb13
mediatek,mt-pseudo_m4u-port	pseudo_port_device	pseudo_m4u-larb14
mediatek,mt-pseudo_m4u-port	pseudo_port_device	pseudo_m4u-larb16
mediatek,mt-pseudo_m4u-port	pseudo_port_device	pseudo_m4u-larb17
mediatek,mt-pseudo_m4u-port	pseudo_port_device	pseudo_m4u-larb18
mediatek,mt-pseudo_m4u-port	pseudo_port_device	pseudo_m4u-larb19
mediatek,mt-pseudo_m4u-port	pseudo_port_device	pseudo_m4u-larb2
mediatek,mt-pseudo_m4u-port	pseudo_port_device	pseudo_m4u-larb20
mediatek,mt-pseudo_m4u-port	pseudo_port_device	pseudo_m4u-larb4
mediatek,mt-pseudo_m4u-port	pseudo_port_device	pseudo_m4u-larb5
mediatek,mt-pseudo_m4u-port	pseudo_port_device	pseudo_m4u-larb7
mediatek,mt-pseudo_m4u-port	pseudo_port_device	pseudo_m4u-larb8
mediatek,mt-pseudo_m4u-port	pseudo_port_device	pseudo_m4u-larb9
mediatek,mt-pseudo_m4u-port	pseudo_port_device	pseudo_m4u-misc
mediatek,mt-pseudo_m4u-port	pseudo_port_device	pseudo_m4u-vpu-code
mediatek,mt-pseudo_m4u-port	pseudo_port_device	pseudo_m4u-vpu-data
mediatek,mt-pseudo_m4u-port	pseudo_port_device	pseudo_m4u-vpu-vlm
mediatek,mt6315_3-regulator	mt6315-regulator	10027000.spmi:mt6315@3:mt6315_3_regulator
mediatek,mt6315_6-regulator	mt6315-regulator	10027000.spmi:mt6315@6:mt6315_6_regulator
mediatek,mt6315_7-regulator	mt6315-regulator	10027000.spmi:mt6315@7:mt6315_7_regulator
mediatek,mt6359-auxadc	mt635x-auxadc	mt635x-auxadc
mediatek,mt6359-pmic	mt6358-pmic	10026000.pwrap:mt6359-pmic
mediatek,mt6359-rtc	mt-rtc	mt6359-rtc
mediatek,mt6359-sound	mt6359-sound	mt6359_snd
mediatek,mt6359_gauge	mt6359_gauge	mt6359_gauge
mediatek,mt6359p-misc	mt6358-misc	mt6359p-misc
mediatek,mt6359p-regulator	mt6359p-regulator	mt6359p-regulator
mediatek,mt6360_pmu_adc	mt6360_pmu_adc	mt6360_pmu_adc.1.auto
mediatek,mt6360_pmu_chg	mt6360_pmu_chg	mt6360_pmu_chg.2.auto
mediatek,mt6360_pmu_core	mt6360_pmu_core	mt6360_pmu_core.0.auto
mediatek,mt6360_pmu_fled	mt6360_pmu_fled	mt6360_pmu_fled.3.auto
mediatek,mt6360_pmu_rgbled	mt6360_pmu_rgbled	mt6360_pmu_rgbled.4.auto
mediatek,mt6577-uart	mt6577-uart	11002000.serial
mediatek,mt6577-uart	mt6577-uart	11003000.serial
mediatek,mt6577-uart-dma	mtk-8250-dma	10217a80.dma-controller
mediatek,mt6765-spi	mtk-spi	1100a000.spi0
mediatek,mt6765-spi	mtk-spi	11010000.spi1
mediatek,mt6765-spi	mtk-spi	11012000.spi2
mediatek,mt6765-spi	mtk-spi	11013000.spi3
mediatek,mt6765-spi	mtk-spi	11018000.spi4
mediatek,mt6765-spi	mtk-spi	11019000.spi5
mediatek,mt6765-spi	mtk-spi	1101d000.spi6
mediatek,mt6765-spi	mtk-spi	1101e000.spi7
mediatek,mt6768-auxadc	mt6577-auxadc	11001000.auxadc
mediatek,mt67xx-rng	mt67xx_rng	hwrng
mediatek,mt67xx-xhci	-	11200000.usb_xhci
mediatek,mt6873-apusys_devapc	apusys-devapc	19064000.apusys_devapc
mediatek,mt6873-consys	mtk_wmt	18002000.consys
mediatek,mt6873-dcm	-	10001000.dcm
mediatek,mt6873-devapc	devapc_mt6873	10207000.devapc
mediatek,mt6873-dramc	dramc_drv	10230000.dramc
mediatek,mt6873-dvfsp	dvfsp	11bc00.dvfsp
mediatek,mt6873-emicen	emicen_drv	10219000.emicen
mediatek,mt6873-emichn	-	10235000.emichn
mediatek,mt6873-emiisu	emiisu_drv	emiisu
mediatek,mt6873-emimpu	emimpu_drv	10226000.emimpu
mediatek,mt6873-gce	mtk_cmdq_mbox	10228000.gce_mbox
mediatek,mt6873-mt6359-sound	mt6873-mt6359	sound
mediatek,mt6873-mtu3	mtu3_phone	11201000.mtu3_0
mediatek,mt6873-phy	mtk_phy	11e40000.usb0phy
mediatek,mt6873-pinctrl	mt6873-pinctrl	pinctrl
mediatek,mt6873-pwrap	mt-pmic-pwrap	10026000.pwrap
mediatek,mt6873-sound	mt6873-audio	11210000.mt6873-afe-pcm
mediatek,mt6873-vcodec-dec	mtk-vcodec-dec	16000000.vdec
mediatek,mt6873-vcodec-enc	mtk-vcodec-enc	17020000.venc
mediatek,mt_soc_offload_common	-	mt_soc_playback_offload
mediatek,mtboard-thermistor1	mtboard-thermistor1	thermal-sensor1
mediatek,mtboard-thermistor2	mtboard-thermistor2	thermal-sensor2
mediatek,mtboard-thermistor3	mtboard-thermistor3	thermal-sensor3
mediatek,mtk-btcvsd-snd	mtk-btcvsd-snd	18050000.mtk-btcvsd-snd
mediatek,mtk-lpm	mtk_lpm_driver	mtk_lpm
mediatek,mtkfb	-	mtkfb@0
mediatek,nfc	st21nfc	3-0008
mediatek,nfc-gpio-v2	st21nfc	nfc
mediatek,pd_adapter	pd_adapter	pd_adapter
mediatek,pericfg	-	10003000.pericfg
mediatek,pmic	-	10026000.pmic
mediatek,pmic-accdet	Accdet_Driver	accdet
mediatek,pmic-oc-debug	pmic-oc-debug	pmic-oc-debug
mediatek,pmic_clock_buffer	-	pmic_clock_buffer_ctrl
mediatek,pmif	pmif	10027000.spmi
mediatek,pwm	mt-pwm	10048000.pwm
mediatek,pwm-leds	mtk-pwm-leds	pwmleds
mediatek,pwrap_mpu	-	10026000.pwrap_mpu
mediatek,pwraph	-	pwraphal@10026000
mediatek,qos-2.0	mtk-qos	11bb00.qos
mediatek,radio_md_cfg	-	radio_md_cfg
mediatek,red	-	odm:led@0
mediatek,rsc	camera-rsc	1b003000.rsc
mediatek,rt-pd-manager	rt-pd-manager	rt-pd-manager
mediatek,scp	scp	10500000.scp
mediatek,scp_adsp	-	10720000.scp_adsp
mediatek,scp_dvfs	scp_dvfs	scp_dvfs
mediatek,scpsys	scpsys	10001000.scpsys
mediatek,sec_m4u0	-	14021000.m4u
mediatek,sec_m4u1	-	19014000.m4u
mediatek,security_ao	-	1001a000.security_ao
mediatek,seninf1	-	1a004000.seninf1
mediatek,seninf2	-	1a005000.seninf2
mediatek,seninf3	-	1a006000.seninf3
mediatek,seninf4	-	1a007000.seninf4
mediatek,seninf5	-	1a008000.seninf5
mediatek,seninf6	-	1a009000.seninf6
mediatek,seninf7	-	1a00a000.seninf7
mediatek,seninf8	-	1a00b000.seninf8
mediatek,seninf_top	seninf	1a004000.seninf_top
mediatek,ses	-	ses
mediatek,sleep	-	10006000.sleep
mediatek,sleep_sram	-	1001e000.sleep_sram
mediatek,smi_larb0	mtk-smi-larb	14003000.smi_larb0
mediatek,smi_larb1	mtk-smi-larb	14004000.smi_larb1
mediatek,smi_larb10	mtk-smi-larb	1502f000.smi_larb10
mediatek,smi_larb11	mtk-smi-larb	1582e000.smi_larb11
mediatek,smi_larb12	mtk-smi-larb	1582f000.smi_larb12
mediatek,smi_larb13	mtk-smi-larb	1a001000.smi_larb13
mediatek,smi_larb14	mtk-smi-larb	1a002000.smi_larb14
mediatek,smi_larb15	mtk-smi-larb	1a003000.smi_larb15
mediatek,smi_larb16	mtk-smi-larb	1a00f000.smi_larb16
mediatek,smi_larb17	mtk-smi-larb	1a010000.smi_larb17
mediatek,smi_larb18	mtk-smi-larb	1a011000.smi_larb18
mediatek,smi_larb19	mtk-smi-larb	1b10f000.smi_larb19
mediatek,smi_larb2	mtk-smi-larb	1f002000.smi_larb2
mediatek,smi_larb20	mtk-smi-larb	1b00f000.smi_larb20
mediatek,smi_larb3	mtk-smi-larb	1f011000.smi_larb3
mediatek,smi_larb4	mtk-smi-larb	1602e000.smi_larb4
mediatek,smi_larb5	mtk-smi-larb	1600d000.smi_larb5
mediatek,smi_larb6	mtk-smi-larb	1600e000.smi_larb6
mediatek,smi_larb7	mtk-smi-larb	17010000.smi_larb7
mediatek,smi_larb8	mtk-smi-larb	17011000.smi_larb8
mediatek,smi_larb9	mtk-smi-larb	1502e000.smi_larb9
mediatek,snd_audio_dsp	-	snd_audio_dsp
mediatek,speaker_amp	speaker_amp	6-0034
mediatek,spmi_mpu	-	10027000.spmi_mpu
mediatek,spmtwam	twam	10006000.spmtwam
mediatek,sramrom	-	10214000.sramrom
mediatek,srclken	-	10006500.srclken
mediatek,sspm	sspm	10400000.sspm
mediatek,subpmic	mt6360_pmu	5-0034
mediatek,subpmic_ldo	mt6360_ldo	5-0064
mediatek,subpmic_pmic	mt6360_pmic	5-001a
mediatek,sunwave_fp	-	spi1.0
mediatek,sys_cirq1	-	10312000.sys_cirq1
mediatek,sys_cirq2	-	10313000.sys_cirq2
mediatek,sys_timer	sys_timer	10017000.sys_timer
mediatek,tee_sanity	-	tee_sanity
mediatek,therm_ctrl	mtk-thermal	1100b000.therm_ctrl
mediatek,tinsys	-	10500000.tinsys
mediatek,topckgen	-	10000000.topckgen
mediatek,topckgen_ao	-	1001b000.topckgen_ao
mediatek,topmisc	-	10011000.topmisc
mediatek,toprgu	mtk-wdt	10007000.toprgu
mediatek,trng	-	1020f000.trng
mediatek,ufs_mphy	-	11fa0000.ufs_mphy
mediatek,ufshci	ufshcd	11270000.ufshci
mediatek,usb3	-	11200000.usb3
mediatek,usb_boost	mediatek,usb_boost	usb_boost_manager
mediatek,usb_c_pinctrl	-	odm:usb_c_pinctrl
mediatek,usb_ipsleep	usb_ipsleep	ssusb_ip_sleep
mediatek,usb_type_c	usb_type_c	5-004e
mediatek,vdec_gcon	-	1602f000.vdec_gcon
mediatek,vdec_smi_subcom	mtk-smi-common	1600a000.vdec_smi_subcom
mediatek,vdec_soc_gcon	-	1600f000.vdec_soc_gcon
mediatek,venc_gcon	-	17000000.venc_gcon
mediatek,vibrator	mtk_vibrator	odm:vibrator@0
mediatek,vpu_core0	vpu	19030000.vpu_core0
mediatek,vpu_core1	vpu	19031000.vpu_core1
mediatek,wifi	wlan	18000000.wifi
mediatek,wpe_a	camera-wpe	15811000.wpe_a
mediatek,wpe_b	-	15811000.wpe_b
mediatek-vcu	mtk_vcu	16000000.vcu
microtrust,tester-v1	-	utos_tester
microtrust,utos	-	utos
mtk,edma	edma	edma
mtk,edma-sub	mtk,edma-sub	19027000.edma0
mtk,mdla	mtk_mdla	19034000.mdla
novatek,NVT-ts	NVT-ts	0-0062
ontim,fingerprint	-	fingerprint
richtek,swchg	rt9471	6-0053
simple-bus	-	odm
synaptics,dsx-i2c	-	0-0020
tchip,ilitek	-	0-0041
trustonic,mobicore	-	mobicore
usb-nop-xceiv	usb_phy_generic	usbphy